doi,lay summary
http://medrxiv.org/cgi/content/short/2020.06.04.20122069,The authors performed a meta analysis on the effect of utilising mechanical ventilation. The results concluded that older people were more likely to be put on ventilation.,
http://medrxiv.org/cgi/content/short/2020.06.10.20127175,"Banerjee et al. used electronic health record of ~3.9M individuals in England to estimate the increased risk of deaths in people with CVD disease with consideration of direct and indirect effect of covid-19.they’ve shown notable  reductions on accessing CVD services  in covid-19 time, resulting in excess number of mortality during and after the covid-19 pandemic. ",
https://doi.org/10.1016/s0140-6736(20)30854-0,"This paper aims to estimate the excess number of deaths over 1 year associated with covid-19, based on age and underlying conditions. They found that age, sex and underlying conditions do influence background risk, and support the need for sustained stringent suppression measures. They have also developed an online risk calculator prototype which is openly available for anyone to use.",
http://medrxiv.org/cgi/content/short/2020.05.20.20108183,"In this rapid review, Beale et al looked at published papers on people tested for covid in the community who were asymptomatic. They conclude that the proportion of people with covid infection without symptoms is around 11% and suggest more research should be done on how infectious these individuals are.",
https://doi.org/10.1002/ejhf.1924,"This study aimed to determine whether or not two specific types of medication (ACE inhibitors and angiotensin-2 blockers - ACEi/ARB) used for hypertension or diabetes are associated with increased risk of severe COVID-19 infection in a sample of 1,200 inpatients (one third of whom were taking the medications under investigation) in two London hospitals. The researchers used data from electonic medical notes and electronic health records. The patients who were taking the medication were, on average, older and had more underlying health conditions than patients who were not. After accounting for these differences in patient health the researchers found that the risk of severe COVID infection was not higher for patients taking ACEi/ARB. This finding is important for patients because it suggests that they should continue to take ACEi/ARB that have been presecribed to them.",
http://medrxiv.org/cgi/content/short/2020.05.13.20100495,"The authors performed a meta analysis on the to identify the risk factors associated with developing adverse clinical outcomes from COVID-19. Risk factors inlude elevated C-reactive protein, decreased lymphocyte count, cerebrovascular disease, chronic obstructive pulmonary disease, diabetes mellitus, hemoptysis, and male sex.",
http://medrxiv.org/cgi/content/short/2020.06.08.20125211,Blangiardo et al. developed models to estimate excess mortality during the covid-19 pandemic using the existing data from 2016-19 in different regions of Italy. They’ve shown that there is a heterogeneous impact of covid-19. Their developed model can be used for monitoring mortality at regional level.,
http://medrxiv.org/cgi/content/short/2020.05.27.20114447,"This paper is a rapid systematic review of automated and partially automated contact tracing tools to understand their effectiveness in identifying at-risk contacts and in controlling disease transmission. They did not find any emperical evidence to support the effectiveness of automatic contact tracing, and highlighted that the effectiveness of such contact tracing is dependent on population uptake of the app as well as the timeliness of interventions such as quarantining contacts.",
https://doi.org/10.1016/s2468-2667(20)30112-2,Chandan et al. comment on the effect the covid pandemic may have on domestic violence and propose surveillance for domestic violence is needed. ,
http://medrxiv.org/cgi/content/short/2020.05.31.20114520,"This study aimed to develop and test a triage protocol for patients hospitalised with suspected COVID-19 infection, which incorporated a new point of care test to identify patients with the virus. The new test performed almost as well as central laboratory testing but was quicker (2.6 hours versus 26.4 hours), meaning that patients were triaged more effectively. This results of this study are important for improving patient flow (e.g. reducing overcrowding in A&E) through hospitals, whilst controlling the risk of transmission.",
https://doi.org/10.1016/s2468-2667(20)30133-x,"The paper identifies the following; This paper identifies the influence of different interventions on COVID on cases, deaths, and demands for hospital services in the UK. This was achieved utilising modelling techniques. The paper concludes that the characteristics of SARS-CoV-2 mean that extreme measures are probably required to bring the epidemic under control and to prevent very large numbers of deaths and an excess of demand on hospital beds, especially those in ICUs. However, Biobank is not very representative of age, ethniticity and deprivation.",
http://medrxiv.org/cgi/content/short/2020.05.11.20096347,"Spiegleer. et al. conducted a retrospective cohort study in two Belgian nursing homes to explore association between preventive drugs such as statins, ACEi and ARBs and symptoms of COVID-19 in infected elderlies residing in care homes. They’ve shown that statin intake in older people could be associated with a considerable beneficial effect on COVID-19 symptoms. ",
https://doi.org/10.1126/science.abc0473,"Drew et al. decribe the use of a smart-phone App to track Covid-19 symptoms reported by users to track, in real time, information on newly infected individuals. It has been launched in the UK and US and has 2.8 million users and is used to rapidly identify emerging hot spots for infection.",
http://medrxiv.org/cgi/content/short/2020.05.15.20102715,"This paper aims to estimate the space and time distribution of covid-19 cases in England, with the objective of providing information for prospective testing. They use SARS_Cov-2 testing data (positive test results) from Public Health England. They find that the distribution of cases and infection rates within different parts of England is very diverse. Future work should potentially include more fine scaled demographic and health features.",
http://medrxiv.org/cgi/content/short/2020.05.14.20101824,This study describes how patterns of travel changed following introduction of travel restrictions in China during the pandemic. This study is important for understanding the effectiveness of imposing population based infection control measures on controlling transmission during a pandemic. The study found that travel related to a major holiday in China appeared to play a greater role in patterns of transport than travel restrictions.,
http://medrxiv.org/cgi/content/short/2020.05.19.20105460,"The SARS-CoV-2 outbreak was associated with a very high mortality rate in residents of nursing homes. Systematic testing of all residents and a representative sample of staff identified high rates of SARS-CoV-2 positivity across the four nursing homes, highlighting a potential for regular screening to prevent future outbreaks.",
http://medrxiv.org/cgi/content/short/2020.05.31.20118638,"Gupa et al. repurposed an existing method and used it to profile circulating monocyte CD11b/CD18 cell surface density from three group of COVID-19 patients: those with symptoms but breathless, those requiring ventilator support and those recovering from ICU for hypoxia. They’ve shown that monocyte CR3 is significantly increased in COVID-19 patients with hypoxia compared with those without respiratory symptoms and non-COVID hypoxic patients.",
https://doi.org/10.1016/j.dsx.2020.04.050,"This study aimed to investigate if low levels of vitamin D were associated with a higher likelihood of having COVID-19, which could be a cause of higher rates of COVID infection amoung black and South Asian people.",
http://medrxiv.org/cgi/content/short/2020.05.18.20105288,"This study aimed to investigate the relationship between smoking and the risk of COVID infection and severity of symptoms using data from a mobile phone based population survey of 2.4 million people in the UK. The study found that current smokers were more likely to have symptoms of infection, and these symptoms were worse compared to non-smokers.",
http://medrxiv.org/cgi/content/short/2020.05.20.20107904,Issit et al looked at admission of children with suspected covid-19 to a highly specialist children's hospital. They found that that vulnerable patients with underlying health conditions were not more likely to have covid infection and recommended that the recommendations for vulnerable adults who should be shielding may not directly translate to children.,
https://doi.org/10.1186/s12916-020-01597-8,This paper utilises questionaire data and modelling data to identify the likely reduction of contacts a person encounters in a day. The study estimated a 74 % reduction in contacts per day which will have an influence in the spread of COVID-19.,
http://medrxiv.org/cgi/content/short/2020.05.19.20106781,Jiang et al. analysed association of hypertension and renin-angiotensin with expression of ACE2 in the kidney and concluded that hypertension or drugs used for hypertension treatments are not changing the risk of covid-19 infection and the clinical outcome. ,
https://doi.org/10.2807/1560-7917.es.2020.25.18.2000632,"The authors of this paper estimate the number of cases and spread of COVID-19 using data on critical care admissions within the UK, from a period of February to March 2020. Their results suggest that the UK had hundreds of thousands of COVID-19 cases by the time the national lockdown was implemented. They highlight the usefulness of surveilling critical care data to better understand the dynamics of the epidemic and better inform the response measures.",
http://medrxiv.org/cgi/content/short/2020.06.04.20121434,Keeling and colleagues looked at different strategies for reopening primary and secondary schools in England and modelled the effect each may have in covid-19 transmission. They found that the R number could be kept low if the strategy is to focus on young children and keeping classroom sizes to half.,
http://medrxiv.org/cgi/content/short/2020.05.20.20107680,"This study aimed to estimate the true impact of the pandemic on death rates by sex, age group and week. The study found that the true number of deaths resulting from COVID was much larger than the estimates using confirmed infection, and that gender differences in mortality were more similar.",
http://medrxiv.org/cgi/content/short/2020.05.27.20083287,"The authors try and estimate the likely number of excess cancer mortality due to COVID-19 , The study estimates excess deaths of 6270 for the UK in one year. The paper suggests that cancer care be prioritised to reduce the potential excess deaths.",
http://medrxiv.org/cgi/content/short/2020.05.20.20103762,Lee et al. used the data from symptom tracker app to compare risk of covid-19 in those with and without cancer. They’ve concluded that individuals with cancer had a significantly increased risk of infection compared to the general community. ,
http://medrxiv.org/cgi/content/short/2020.06.05.20123448,"The authors of this paper conducted a modelling study to understand the effectiveness of social bubbles as part of the COVID-19 lockdown exit strategy. Their aim was to estimate the impact of such strategies on the spread of infection and the death rates associated with it. They concluded that social bubble measures could be an effective way of extending contacts beyond the household, but only if it is managed appropriately by including measures such as extending the bubble from a family with young children to a single adult household. However, there is still a continued need for social distancing.",
http://medrxiv.org/cgi/content/short/2020.05.19.20106641,,
http://medrxiv.org/cgi/content/short/2020.06.10.20127563,"This study aimed to examine the role that having several long-term conditions has on COVID-19 infection, using data from UK BioBank. The authors found that having more long term conditions, especially heart and circulatory conditions, increased the risk of developing COVID-19.",
http://medrxiv.org/cgi/content/short/2020.05.22.20109892,"In addition to healthcare workers who have a more than seven-fold higher risk of SARS-CoV-2 infection, those in social care have a three-fold increased risk. Adjustment for potential confounding and mediating variables did not account for the differences in the observed risk between occupational groups.",
http://medrxiv.org/cgi/content/short/2020.06.05.20121962,"Poon et al. used data from national statistics agencies in the UK and described trends of excess mortality in both covid and non-covid cases. They’ve produced an online tool for continuous monitoring of mortality records in UK: Wales, Scotland, England and Northern Ireland.",
http://medrxiv.org/cgi/content/short/2020.05.09.20082909,"Rivett and colleagues screened asymptomatic patients for covid019 infection in a UK hosptal. They identified approximately 3% of individuals as infected, but noted that 40% of this group had some form of symptoms a week before the test. They recommend comprehensive screening of all health care workers even if no symptoms are present.",
http://medrxiv.org/cgi/content/short/2020.05.12.20098921,The objective of this paper was to examine whether the lockdown measures implemented within the UK have had disproportionate impacts on the intensity of physical activity in people who are perceived to be at higher risk to COVID-19. They concluded that groups who reduced the intensity of their physical activity were people with heightened objective clinical risks as well as those with greater tendency to express subjective perception of risk. The authors recommend implementation of policies on excerise during lockdown that include strategies to facilitate physicial acitiviy in vulnerable groups.,
http://medrxiv.org/cgi/content/short/2020.06.05.20122226,Sattar et al looked at the link between BMI and likelihood of contracting covid as well as the likelihood of death due to covid infection. They found that a higher BMI is related to likelihood of infection and death linked to covid. This effect was stronger in those under the age of 70 and in people from a nonwhite ethnicity,
https://doi.org/10.7189/jogh.10.010348,This is a summary of new methods for estimating phyiscal distancing and compliance with lockdown. I haven't scored the content because it isn't primary research.,
http://medrxiv.org/cgi/content/short/2020.05.11.20098269,"The study utilises ONS to identify availability, distance and per-capita space to public parks. The paper also comments on management of the park to minimise peak times at the park.",
https://doi.org/10.1038/s42254-020-0178-4,Vespignani et al. used mathematical models to model the epidemic of covid-19 and to predict future scenarios for possible interventions and inform policy and practice.,
http://medrxiv.org/cgi/content/short/2020.05.20.20108126,"The authors of this paper conducted a systematic review and meta-analysis of existing literature to understand the susceptibitlity to SARS-Cov-2 infection amongst children and adolescents compared with adults. They reviewed studies on contact-tracing and population screening from different countries. They found prelimiary evidence to suggest that children and adolescents are less susceptible to the infection, however there is weak evidence on their role in transmitting the infection at a population level.",
https://doi.org/10.7189/jogh.10.010104,"""Been and Sheikh’s editorial about COVID-19, outlines the importance of two natural experiments: a- how different countries responded to the pandemic and its effects and b- impact of improvements in air quality on human and planetary health.""",
https://doi.org/10.1101/2020.04.23.20076521,This study aimed to use geospatial data from a mobile phone enabled community survey (COVID-19 symptom tracker) to identify hot spots in infection. The authors found the some urban areas had particuarly high rates of infection.,
https://doi.org/10.1101/2020.04.24.20078006,This study looks to improve the NEWS2 for COVID. The study found that adding age and blood test results helps to identify who is most at risk from severe covid outcomes.,
https://doi.org/10.1101/2020.04.18.20064774,"""This paper estimates the likely number of global population that would be at increased risk of severe COVID-19 disease. They estimate that 1.7 (1.0 - 2.4) billion individuals (22% [15-28%] of the global population) are at  increased risk of severe COVID-19 disease. The share of the population at increased risk ranges from 16% in Africa to 31% in Europe.""",
https://doi.org/10.1101/2020.05.06.20092734,"The study aimed to mathmatically predict what the impact COVID-19 will be on hospitals and household income in cities in Africa and South Asia if measures are put in place to prevent the spread of infection, compared to no action. The authors found that a range of responses are needed to help spread the timing of peak in infections and to reduce the pressure on the health service.",
https://doi.org/10.1101/2020.05.07.20093849,The work investigates the cases of COVID-19 recorded on the diamond princess cruise ship. The work identifies that many cases were asymptomatic and are likely to contribute to transmission.,
https://doi.org/10.1101/2020.05.02.20086231,"This paper looked at underestimation of covid-19 related deaths due to trends in excess cancer and heart disease deaths in Scotland during the covid-19 pandemic, from 30 December 2019 to 20 April 2020. The covid-19 related constraints on investigations and cancer treatment diagnosis will affect the current incident cancers, as well as people yet to develop cancer, due to bottlenecks being created on the stretched and imperfect diagnostic pathways.",
https://doi.org/10.1101/2020.04.28.20083295,Ho et al. linked the 2006-10 biobank data to SARS test results and primary care influenza and pneumonia to look at potential association between these variables. They have shown that there is a strong association between modifiable risk factors and covid-19.,
https://doi.org/10.1101/2020.05.10.20083683,This study uses a mathematical model that takes age in to account to provide evidence on how the UK can come out of 'lockdown'. The study found that care needs to be taken in lifting social distancing measures so that the health service is not overwhelmed and vulnerable members of society are protected,
https://doi.org/10.1101/2020.04.21.20073049,"This study aimed to identify when the peak in COVID-19 infections occurred in England by analysing data on deaths according to the delay between the date that the death occurred, and when it was included in the official death toll. They found that the peak was likely to have occurred substantially earlier than previously thought.",
https://doi.org/10.1101/2020.05.04.20079301,Lewer et al. looked at homelessness and effect of isolation and care for those who are at higher risk categories amongst homeless people. They have considered 8 different scenarios for their statistical modelling and shown that isolation and care through supportive accommodation can reduce the number of deaths and hospital admissions on the homeless population of England and reduce the burden on acute hospitals. ,
https://doi.org/10.1101/2020.04.25.20079251,"This study aimed to identify which characteristics make an individual more likely to attend hospital with COVID-19 infection, compared to people who were not admitted to hopsital. They used data from a mobile phone based app (COVID-symptom tracker) to identify risk factors for hospital attendance. They found that being older, obese, diabetic or having pre-existing lung, heart or renal disease increased the risk of visiting hospital with COVID-19. ",
https://doi.org/10.1101/2020.04.27.20081810,This study successfully uses mass spectrometry to distinguish mild and severe forms of COVID ,
https://doi.org/10.1101/2020.04.29.20084111,"This study used data from a mobile phone based community survey (COVID symptom tracker) to investigate whether healthcare workers had a higher risk of being infected with COVID-19, and if having personal protective equipement helped mitigate this risk. They found that healthcare workers had a much higher risk of infection than the general population, but that PPE might not lower the risk of infection to similar levels to the rest of the population.",
https://doi.org/10.1101/2020.04.22.20075663,"Niedzwiedz et al. linked the 2006-10 biobank data on self-reported socioeconomic variables to the SARS-Cov_2 test results to derive any relationship between the variables. Using statistical methods, they’ve find that those from minority ethnic groups specially black and south Asians were more likely to be tested and to test positive.",
https://doi.org/10.1101/2020.04.28.066977,The paper investigates SNPs to understand COVID diversity across the globe. The paper concludes that the worldwide whole genome sequencing effort is revealing the challenge of developing SARS-CoV-2 containment tools suitable for everyone and the need for data to be continually evaluated to ensure accuracy in outbreak estimations.,
https://doi.org/10.1016/S2468-2667(20)30073-6,,
https://doi.org/10.1101/2020.04.16.20067504,Quilty et al attempted to understand the effectiveness of inter-city travel restrictions on spread of COVID-19 in Wuhan. The results indicate that the cordon sanitaire may not have prevented COVID-19 spread in major Chinese cities; local non-pharmaceutical interventions were likely more important for this.,
https://doi.org/10.2807/1560-7917.ES.2020.25.12.2000256,"This study attemps to estmate the infection and fatality ratio for covid-19 by utilising data from the outbreak on the Diamong Princess cruise ship. They found it was challenging to calculate such estimates in real-time, due to the passengers being of an older age group and thereby it being difficult to attribute all deaths to covid-19.",
https://doi.org/10.1101/2020.05.05.20092296,"The objective of this study was to determine if specific ethnic groups are at higher risk of dying from covid-19 infection. They found that those of South Asian ethnicity may be at risk of worse COVID-19 outcomes. However, further studies are required to understand this better.",
https://doi.org/10.1101/2020.04.28.20083170,"The aim of this study was to quantify and mitigate the impact of covid-19 on colorectal cancer outcomes. It was concluded that in order to keep the number of avoidable deaths low, it is essential to maintain normal diagnostic and surgical througput.",
https://doi.org/10.1101/2020.05.02.20078642,"The authors have withdrawn this manuscript because the data require additional analysis and a larger sample size. Therefore, the authors do not wish this work to be cited as reference for the project.",
https://doi.org/10.1101/2020.05.04.20090597,This study aimed to demnostrate that adopting segmenting and shielding strategies could increase the scope for partially exiting the covid-19 lockdown while also limiting the risk of a second wave of infection. They found that a combination of increased protection of vulnerable population and relaxation of restrictions on non-vulnerable population can prevent an overwhelming second wave of infection. Measures such as contact tracing could also facilitate the exit from lockdown.,
https://doi.org/10.1101/2020.04.27.20081711,"Zandvoort et al. used mathematical modelling and simulation methods to predict the impact of various control scenarios on outcome of COVID-19 epidemics in three African countries. They’ve shown that mixed strategies, including moderate physical distancing and shielding are more likely to achieve substantial reductions in mortality in African countries. ",
https://doi.org/10.1101/2020.04.22.20072124,This study used twin participants to see whether people are genetically predisposed to getting COVID. The study presents preliminary findings that suggests some people may be more susceptible to severe COVID outcomes,
https://doi.org/10.1101/2020.05.06.20092999,This study implements an analytics platform to assist NHS England. This study finds that clinical risk factors for severe COVID outcomes include BAME and deprivation,
https://doi.org/10.1101/2020.04.28.20082222,"The paper utilises a model created on Wuhan data to identify outcomes. The model was validated on London data but this population was higher risk, so was not very comparable. The model obtained a good prediction on lower risk internal validation.",
https://doi.org/10.1101/2020.03.22.20040287,"This study aimed to provide initial estimates of the excess covid-19 related deaths over a 1 year period, based on different rates of infection. This also accounted for underlying conditions at different ages.The results obtained from this study might inform the need for more stringent suppressionmeasures and increased effots to target thise at higher risk.",
https://doi.org/10.1101/2020.04.07.20056788,SARS-Cov2 viruses connect to a part of cells called ACE2 receptor to enter the cells. Beam et al. investigated the effect of a group of drugs called ACE-inhibitors on severity of covid-19 amongst 205 patients and shown that ACE-inhibitor drugs doesn’t increase short-term risk of COVID-19.,
https://doi.org/10.1101/2020.04.09.20059865,This study aimed to predict the spread of COVID-19 cases in Kenya. They authors used information on the pattern of spread of cases in China and adapted these patterns to mirror the social characteristics of Kenya's population.,
https://doi.org/10.1101/2020.03.20.20039537,This study aimed to work out what the effect of different sized groups of people gathering together had on the spread of COVID-19. The authors found that smaller gatherings (10-20 people) were more important than larger gatherings (>100 people) for increasing the spread of infection.,
https://doi.org/10.1101/2020.02.12.20022426,Clifford et al. possible interventions for air travellers that may delay the COVID-19 outbreak in the countries that have not yet had it. They have shown that symptom screening at airports and isolation of those with symptoms can support local containment only if the number of infected travellers are low.,
https://doi.org/10.1101/2020.02.12.20022566,"This study aims to predict the early spread and peak timing for covid-19 in England & Wales using mathematical models. The authors predict that the outbreak will peak 126-147 days (~4 moths) after the start of person-to-person transmission in England & Wales. This prediction was made in the absence of any control measures and no seasonaity changes. They also predict that seasonal changes in transmission rate could shift the timing of the peak into winter months;

Alternative lay summary: This study aimed to predict the peak of the COVID-19 outbreak in England and Wales. The authors predict that the peak will occur ~4 months after the start of transmission (non-imported cases) in England and Wales, which is helpful for understanding the impact of the disease on health services. However this prediction assumes that no controls are put in place.",
https://doi.org/10.1101/2020.03.24.20043018,"COVID-19 reported cases amongst young children are low while old people are at higher risk of disease and death. Davies et al. investigated the source of difference in young vs older subgroups. They’ve used mathematical models on data of 6 countries and shown that the probability of getting symptoms, rising from 20% in under 10s to over 70% in older adults.

Alternative lay summary: This study aimed to explain the differences in the risk of infection with COVID-19 between people of different ages, using data from 6 countries. The authors found that age was a very important factor in showing signs of infection (20% chance of having symptoms aged <10y, 70% in older adults), but that age may not influence the chance of being infected. These findings are important because they suggest that closing schools may be less effective in preventing spread of infection than for infections like influenza where children play a bigger role in spreading the disease.",
https://doi.org/10.1101/2020.04.01.20049908,"It is highly important to know the outcome of different scenarios ahead of critical decisions. Davies et al. shed light on various scenarios considering there is no drug or vaccine for the COVID-19. They’ve looked at interventions such as school closure, social distancing, shielding of the elderly, self-isolation of those with symptoms and shown that all of these reduces the total number of cases by 70-75% and delays the peak of epidemic by 3-8 weeks. Social distancing have the greatest impact in total number of cases while elderly shielding had the greatest impact on number of deaths.",
https://doi.org/10.1101/2020.04.02.20051334,"To help combat the spread of COVID-19, a group of experts were brought together to develop an app to record data on risk-factors, symptoms, health-outcomes and geography of where cases are occuring. At date of writing, the app has been launched in the US and UK and has 2.5 million users.",
https://doi.org/10.1016/S2214-109X(20)30074-7,This model accessed the likely effectiveness of contact tracing to limit the spread of COVID-19 outbreaks in a country. They concluded that contact tracing could be highly effective of stopping a new outbreak within 3 months. The authors also mentioned that if a new outbreak had a longer time before symtoms developed then contact tracing would not be as effective.,
https://doi.org/10.1101/2020.02.26.20028167,"This paper aims to estimate country-specific reproductive ratio, which is determined by the nature of the virus and the network of contacts through which teh disease can spread. The authors predict that the reproductive ratio will be highest across Eastern Europe and Japan, and lowest across Africa, Central America and South-Western Asia. This was based on the ratio of children to older adults in each country, as well as the observed frequency of cases in the elderly.",
https://doi.org/10.1101/2020.03.10.20033761,The study employs modelling techniques to estimate the likely spread of COVID-19 in a population in the early stages of its spread in a country. The study estimates that by the time a death occurs it is likely that there are 100's to 1000's of individuals that have already been infected.,
https://doi.org/10.1101/2020.02.14.20023036,"This study aimed to work out how effective contact tracing is in preventing the spread of COVID-19 transmission, and how the current definition for a contact (e.g. the time and distance thresholds - currently 15 minutes and 2 metres) could be improved to either reduce the time and expense of contact tracing, and/or identify cases more accurately. The current contact tracing system requires an average of 36 individuals to be traced for every case identified, with 9% of cases having more than 100 close tracable contacts. Increasing the time threshold to 4 hours of contact would miss too many cases to control the spread of infection. ",
https://doi.org/10.1101/2020.01.31.20019901,"The study modelled the early dynamics of transmission and control of COVID-19. The model identifies that when Wuhan was put under controls its transmission rate dropped.

Alternative lay summary: This study aimed to report how transmission of COVID-19 changed over time in Wuhan, and internationally, in response to interventions put in place to slow the spread of the virus.",
https://doi.org/10.1101/2020.04.05.20048421,This study investigates people who have been diagnosed with COVID-19 and have experienced a loss of smell and taste. The study uses data recorded from a novel app designed to respond to the pandemic. A loss of smell and taste was found to be a strong predictor for having had COVID-19. ,
https://doi.org/10.1101/2020.04.01.20047357,"This study aimed to test the reliability of a rapid test (called RT-LAMP) for COVID-19 that could be used in a mobile testing unit. The test correctly identified 80% of COVID-19 cases and also correctly ruled out COV-19 infection for 73% of people without the infection. This is important because this test could be used to identify people with and without infection in the community, care homes and hospitals.",
https://doi.org/10.1101/2020.03.09.20033050,"This study looks at the control strategies in Wuhan, China. The study utilised computer simulation techniques to undertand the effectiveness of measures taken and the likely impact of reducing these measures.",
https://doi.org/10.1101/2020.01.31.20019265,"This paper looks at the effectiveness of airport screening at detecting travellers who might be infected with 2019-nCoV. They concluded that it might be unlikely to detect a sufficient proportion of travellers infected with 2019-nCoV using airport screening. However, they developed an online tool which updates results as and when new information becomes available. ",
https://doi.org/10.2807/1560-7917.ES.2020.25.12.2000256,"This study aimed to calculate the proportion of COVID-19 cases that died as a result of their infecion using data from the Diamond Princess cruise ship. The authors found that the proportion of people who were infected and then died was 1.3% across all ages, and 6.4% in those aged 70 years and older. Where only people who had symptoms of infection were included the proportion who died increased to 2.6% across all ages and 13% in those aged 70 years or older. ",
https://doi.org/10.1101/2020.04.02.20051284,,
https://doi.org/10.1371/journal.pbio.3000586, ,
https://doi.org/10.1161/CIRCGEN.119.002711,This article investigates the genetic determinants of fats and heart disease outcomes. There has been evidence that therapies which lower particular types of fats can reduce risk to certain heart diseases. The authors perform a systematic investigation of causal relationships between circulating fats and heart disease outcomes by conducting gene-specific analyses.,
https://doi.org/10.1177/2047487319877078,"This was a review of existing studies publushed on risk factors for heart disease, stroke or other blood vessel diseases. The authors looked at 13 previous published studies and combined the patient data from these studies into one analysis, looking at the relationship between blood pressure, cholesterol levels and heart disease/stroke. What was different in this analysis was that the authors looked at measurements for each risk factor over time, to see whether this provided more information which can predict the likelihood of disease (rather than just taking one point in time). The authors report that this approach did not necessarily give a better prediction of heart disease/stroke.",
https://doi.org/10.1093/gigascience/giaa007,"The authors compared the accuracy of data processing steps (called bioinformatics pipelines) for identifying different types of bacteria, and which antibiotics they are resistant to. They identified which processes were most likely to introduce errors for different bacteria, and make recommendations about which pipelines should be used.",
https://doi.org/10.1136/archdischild-2018-315866,"This study looked at whether there is a link between gestational length of a child (the length of time of pregnancy) and the likelihood of permanent hearing impairment. The authors looked at data from over 19000 children from a study called the Millenium Cohort Study. They found that shorter gestational length did not increase the likelihood of childhood permanent hearting impairment. However, they found that children who had neonatal illness (illness in the immediate days after birth), if they were Bangladeshi or Pakistani in ethnicity, or if they were born to younger mothers.",
https://doi.org/10.1002/cnm.3255,This study aimed to measure how well an algorithm using data from non-invasive tests was able to predict early signs of heart disease.,
https://doi.org/10.1192/bjo.2019.96,"This study uses data from a mental healthcare provider to predict 3 things: 1) extended duration of stay in a hospital, 2) the likelihood of needing to be admitted to hospital again after discharge, and 3) likehood of needing 'high intesity service' (high cost services). The authors developed a natural language processing model (a computer system than aims to interpret text and draw out useful information) to review the text, diagnoses, medications and the patient symptoms to work out which patients would fall within those 3 categories. They conclude that their model could be used to improve services through predicting users who will require the most intense and costly care.",
https://doi.org/10.1159/000503957,"The authors of this publication have developed a set of guidelines for planning, running and writing up research that uses mobile technologies in clinical trials. The guidelines they have put together should make it easer for patient experience to be recorded in clinical trials.",
https://doi.org/10.1128/JCM.01037-19,"This study applied a new method for processing (known as ""hashing"") the most important parts of DNA sequencing data to allow bacteria causing disease to be identified more quickly than traditional methods, which require the full sequence of DNA to be compared to a reference database. The new method was faster than traditional methods, but is more likely to miss cases that are part of the same outbreak. NB. The authors have published the code for their workflows on github.",
https://doi.org/10.1371/journal.pone.0228940,"This article looks at risk assessment for hospital admission in patients with Chronic Obstructive Pulmonary Disease (COPD), which is a group of lung conditions that make it difficult to empty air out of the lungs. The objective of the risk assessment was to eventually aid in clinical decision making and prioritising healthcare resources.",
https://doi.org/10.1136/bmjopen-2019-033318,"This study which includes over 40 thousant adults in the UK, aims to assess whether there are links between different levels of physical activity and educational achievements. It found that lower educational achievement was associated with higher travel and work related physical activity, but not leisure time activity. They found this difference to be larger in men than in women, and also in white compared to black individuals.",
https://doi.org/10.1111/bjd.18046, ,
https://doi.org/10.1111/bjd.18526,"This study investiages whether there is a smoking and socioeconomic status is linked to the risk of developing melanoma (a skin cancer). They used a Welsh database to find data on individuals who had melanoma and linked this data with smoking status and socioeconomic status on other national databases. They found that melanoma was less likely in those who smoked, but was associated with less chance of survival (due to health problems other than melanoma). Those in higher socioeconomic status had overall higher likelihood of survival.",
https://doi.org/10.1093/ajcn/nqz293,Gibson et al.’s study investigates whether having fish in diet will have an effect on urinary metabolism. They’ve assessed dietary and BP measurement across Asian and Westerns and shown that the relationship was stronger in Japanese population compared to Western population and is highly context dependant. ,
https://doi.org/10.1016/j.nicl.2020.102172,Grist et al. team trained computers to analyse brain images from children for identification of tumours. They’ve shown that applying analytical methods to enable machine distinguishes between the entire brain area and the tumour area in the images more than 80% improves how machine analyses the image to identify exact tumour area. ,
https://doi.org/10.1161/CIRCGEN.118.002328, ,
https://doi.org/10.1093/jamia/ocz211,Ibrahim et al. categorized patients in groups based on the type of organ failure. This categorization helped machine based algorithms to correctly identify those at high risk of sepsis.,
https://doi.org/10.1093/jamiaopen/ooz009,COPD is linked with a number of lung abnormalities. This study has developed a computer algorithm to extract information about these abnormalities.,
https://doi.org/10.1016/j.molmet.2020.01.009,"How the body breaks down fat is poorly understood, and, if this mechanism does not happen effiently in the body it can lead to metabolic diseases including obesity and type 2 diabetes. The goal of this study was to identify the genetic regulators of how the body break down fat and explain their molecular mechanisms.",
https://doi.org/10.1128/JCM.00963-19, ,
https://doi.org/10.1016/j.ajhg.2020.02.006,"This study performs some genetic meta-analysis across large-scale european-descent studies which include over 72,000 individulas. The results of the analyses identify certain characteristics of the genes which increase the risk of hypothyroidism (insufficient production of thyroid hormone) and decrease the risk of thyroid cancer and a range of cancerous conditions. The findings expand current knowlege on these associations between the genes and their impact on diseases.",
https://doi.org/10.1128/AAC.00400-19, ,
https://doi.org/10.1016/j.ajhg.2020.01.003, ,
https://doi.org/10.1038/s41435-019-0082-z,This article presents a case-control study to investigate why healthy individuals develop life-threatening infections caused by GAS which is a particularly invasive infectious disease. They conclude that further research into the genetics behind this invasive disease may help bring about much needed progess in the development of treatments and vaccinations for the same.,
https://doi.org/10.1038/s41433-018-0229-6,Perrott et al. reviewed strengths and limitations of an eye (retinal) imagining method for diagnosis of a condition affecting the central part of the retina (the macula). This degenerative condition may result in loss of central vision in older adults. Perrott et al. concluded that diagnostic accuracy depends on both method and equipment. ,
https://doi.org/10.2807/1560-7917.ES.2020.25.5.2000080,This study has simulated the effectiveness of airport screening at detecting travellers infected with novel coronavirus. The study reported that exit or entry screening at airports for initial symptoms using thermal scanners is unlikely to prevent passage of infected travellers into new countries or local spreading.,
https://doi.org/10.1002/ejhf.1615,This study looked at 6562 people with severe heart failure and whether there was an association between taking beta-blockers (a drug to control heart rate) and heart disease. They used a national Swedish registry of patients with heart failure and compared those who were taking beta blockers (866 patients) to those not taking beta blockers (866 patients). The study found that patients who were taking beta blockers tended also to have lower risk of heart complications and were more likely to survive.,
https://doi.org/10.1161/ATVBAHA.119.313226,"This study looked at the amount of fatty deposits on blood vessel walls in over 22,000 individuals, to work out how small differences in their DNA might cause heart disease. They found some specific changes in DNA that are likely to be involved in causing heart disease, weight gain and metabolism.",
https://doi.org/10.1093/ageing/afaa018,"This article looks at new horizons in the use of routine data for ageing research. This includes prognostic research, clinical trials, and service evaluations. The authors highlight the need for multidisciplinary collaboration. They identify three key areas where the application of routine data has major benefits for research in ageing - prediction (developing prediction tools to identify levels of future risk of outcomes thereby helping in decision making), clinical trials (routine data can help extend participation in clinical trials), and service evaluation (understanding performace of clinical services by measuring outcomes in routine data).",
https://doi.org/10.1210/clinem/dgz006,People who suffer with primary adrenal insufficiency are more likely to be admitted to hospital. But the risk to patients catching infections whilst being treated in hospital is unknown. This study found that people with PAI being treated in hospital have a higher risk of catching an infection. Some of this risk is linked with how PAI is treated.,
https://doi.org/10.1093/eurheartj/ehz587,"Inflammation is a risk factor for cardiovascular disease (CVD) and is linked with a higher risk of cancer. This study investigates the relationship between inflammation and risk of cancer in patients with stable CVD. The study reports that low-grade inflammation, is a risk factor for incident cancer, markedly lung cancer, in patients with stable CVD.",
https://doi.org/10.1016/S2214-109X(19)30318-3,This paper by the World Health Organisation (WHO) looks at developing and evaluating a revised risk model to help adapt heart disease risk prediction approaches to low-income and middle-income countries. The revised WHO heart disease risk prediction charts have been adapted to the circumstances of 21 global regions. The paper suggests that the widespread use of these risk models can enhance the accuracy and sustainability of efforts to reduce the burden of heart disease worldwide.,
https://doi.org/10.3390/cancers11121895,This was a feasibility study looking at whether blood samples from patients with cancer could be used to detect cancer tumours that are likely to be fast growing and hard to treat.,
https://doi.org/10.2196/14782,Wu et el. developed a computer algorithm which can transform clinical letters into databases for research. Their approach in processing information in clinical letters is more flexible compared to those before allowing users to define concepts which they want to find in the letters. ,
https://doi.org/10.1136/archdischild-2018-316693,"Zylbersztejn et al. shown that helping mothers to have a healthier pregnancy: better mental health before and during pregnancy, reducing birth complications and addressing poverty are the potential areas which can affect reduction of child mortality at birth. ",
https://doi.org/10.1111/ppe.12627,"This study identifies children born with congenital anomalies from administrative health data. The the prevalence of congenital anomalies and prognostic outcomes for children with congenital anomalies are compared using three different code lists. The study found that the prevalence of congenital anomalies varied by code list, over time and between countries. This reflects differences in hospital coding practices and admission thresholds.",
https://doi.org/10.1038/s41598-019-53454-1,This study investigated which genes encourage cancer tumors to grow. The study identifies genes and distinguishes their role in different types of cancers. Their method is validated using whole exome and whole genome sequencing,
https://doi.org/10.1093/europace/euz220,"This study identified EHR records of AF and vavular heard disease in over 70k UK individuals and looked for associations with stroke, systemic embolism and mortality. They used CALIBER - a data source connecting office of national statistics, CPRD and HES data from over 10 years. They reported clear methodology on how the EHR was used to classify disease, showed overall prevalence change in different AF related diseases over time, and were able to provide insights at a more granular level - for example, valvular heart disease subtypes in AF than previous studies. The full code list (EHR codes) is provided in supplement, so methods are theoretically reproducible. Immediate impact to patient is less strong and there is wasn't much emphasis on diversity and inclusion.",
https://doi.org/10.1371/journal.pone.0225625,"Bean et al. looked at using clinical notes to calculate risk scores: CHADSVASC and HASBLED for 10,030 AF patients from 2011 to October 2017), they’ve validated their natural language processing algorithm with getting clinicians to calculate the risk in conventional manner for 40 of cases, the two scores were in higher agreement for stroke risk compared to HAS-BLED They’ve concluded on usefulness of NLP method in risk calculation at the large scale.",
https://doi.org/10.1111/dme.13870,"The aim of this article was to investigate the relationship between HbA1c and glucose in patients with diabetes awaiting transplant due to a co-existing liver disease, and in those with diabetes but no liver disease. Statistical analyses results indicated that HbA1c is not an appropriate test for blood glucose in people with cirrhosis and diabetes awaiting transplant, and it might cause misdiagnosis of diabetes and inappropirate clinical care in people with cirrhotic liver disease.",
https://doi.org/10.1016/j.injury.2019.09.036,"This paper looks at the implications for trauma system design based on major traumatic injuries in Australia and aims to describe the current epidemiology of major trauma across the country, identifying improvements and future directions in the system of trauma care in Australia. This is the first reported comparison of the epidemiology and outcomes at major centres across Australia. They concluded that Australia now has the capability to identify national injury trends in patients admitted to major trauma services, optimising prevention and treamtnet strategies, thereby potentially reducing the burden of injury.",
https://doi.org/10.1002/cnm.3235,"Retrospective case series of 10 patients having coronary angiogram and invasive fractional flow reserve measurement. The authors used 4 different techniques to estimate coronary vessel flow rate and compared their measurement agreement with clinical FFA measurements and with each other. They found that all 4 methods gave different results, but one approach was more similar with the clinical gold standard. They propose this method with most worthy of further investigaiton.",
https://doi.org/10.1371/journal.pgen.1008405,"This study aimed to quantify (as genetic risk scores) the causal effects of obesity on leading causes of death, separately, in men and women. Analysis of genetic data for 228,466 women and 195,041 men showed that obesity causes coronary artery disease, stroke, chronic obstructive pulmonary disease, lung cancer, type 2 and 1 diabetes mellitus, non-alcoholic fatty liver disease, chronic liver disease, and acute and chronic renal failure. The authors identified some important differences in these causal effects for men and women.",
https://doi.org/10.1097/ede.0000000000001113,"This UK based prospective cohort study looked at the potential impact of physical activity on 'internalizing problems' such as depression in children. They measured physical activity level at 7 years, and looked whether mental health problems existed at 11 years, adjusting approrpiately for confounders (ethnicity, maternal age at birth, neighbourhood safety, childhood illness, etc). They conclude that a small reduction in mental health problems could be observed but not enough to justify the national policy of encouraging 60 min of mod-vigorous exercise a day for all children",
https://doi.org/10.1038/s41467-019-12283-6,This paper investigates the effect of inbreeding on fertility rates. They found that there is a striking reduction in fertility between relatives.,
https://doi.org/10.1126/sciadv.aaw3095,The paper uses a combination of genome-wide association studies and longitudinal growth traits to study the genetics of infant and child growth. The findings could assist in better targetting of prevention strategys to reduce obesity.,
https://doi.org/10.1136/bmjopen-2019-031365,"epidemiological study looking at the prevalence of ehlos danlos syndrome and joint hypermobility syndrome, using SAIL database for welsh population. They found a steady increase in the rates of diagnosis for these two diseases, higher odds of being on other medication, and association with other diseases categories.",
https://doi.org/10.3233/JAD-190571,Forbes et al. investigated the effect of bereavement on diagnosis of dementia in partners using CPRD database. They’ve matched single partners to couples without a bereavement experience and concluded that bereavement leads to a short-term (3 and 6 months afterwards) increased risk of dementia diagnosis but in long term there is no significant difference between cases and controls.,
https://doi.org/10.1371/journal.pone.0226040,Fraser et al. linked records from 112 neonatal units and laboratory records in England to evaluated variations in trends in bloodstream infection and concluded that record linkage improved ascertainment of BSI and trend estimated over time compared to use of single dataset for this analysis.,
https://doi.org/10.1186/s12889-019-8015-3,"This longitudinal study investigated whether and to what extent consumption by beverage type, BMI, smoking and other factors explained inequalities in alcohol-related hospital admission (ARHA). Using statistical analysis methods, it was found that people living in more deprived areas had a higher risk of ARHA compared to less deprived. Smokers and people currently being treated for mental illness had higher risk of ARHA, while BMI appeared to be slightly protective. ",
https://doi.org/10.1016/j.jclinepi.2019.11.006,Utilises data mining and routine data to identify a patients smoking status. Does not account for long term smoking behaviour and is limited by the smaller size the dataset.,
https://doi.org/10.1371/journal.pmed.1002974,This paper investigates the mortality of mothers of infants with Neonatal abstinence syndrome. This population has a greatly increased mortality compared to mothers who don't have NAS. The paper highlights the lack of long term support for this group.,
https://doi.org/10.1161/JAHA.119.012812,"This was a retrospective observational study looking at early discontinuation of antiplatelet therapy after PCI and its association with major CV events. SAIL database patient cohort of 2k patients in wales. They found that early discontinuation was reassuringly low, however when it did happen, there is an increased risk of major CV events like sctroke, other vascular disease, etc. They use their findings to emphasise the impotance of improving adherance to anti-plt therapy for PCI.",
https://doi.org/10.1093/ehjcvp/pvz071,"This retrospective observational cohort study aimed to quanitfy the number of patients with non-valvular atrial fibrillation (NVAF) prescribed warfarin who exhibit NICE-defined poor international normalised ratio (INR) control. Another objective was to describe the relationship between demographic and clinical characteristics of these patients and poor INR control. The results from statistical analyses in this study suggest a considerable opportunity to improve both embloc and bleeding risk, eben though the relationship between poor INR control and these clinical outcomes remains to be determined.",
https://doi.org/10.1038/s41467-019-13585-5,"This study linked genetic sequencing data and information on household income to identify parts of the genome that are more common in people who live in more affluent households. The authors identified 150 parts of the genome that were associated with income, and found that these genetic regions were more commonly expressed in the brain and testes. The results indicate that intelligence and income are causally linked, and suggest that genetics partly explain a small amount of variation (~2%) in household income in the UK.",
https://doi.org/10.1038/s41598-019-54849-w,"This study investigates the unreliability of target identification leading to low development sucess rates, inefficiency and escalating costs to healthcare users. The more targeted use of genomics couldimprove improved efficency.",
https://doi.org/10.1038/s41398-019-0613-4,"This study aimed to identify parts of the genome that cause chronic pain (self-reported as lasting 3+ months), or major depressive disorder (MDD) and to investigate if these two conditions share common genetic causes. They identified 11 different parts of the genome where a specific change (SNP) was linked to chronic pain (6 parts of the genome), MDD (9 parts), or symptoms shared by both conditions (4 parts). The results also suggest that one of parts of the genome that causes chronic pain may influence the development of MDD (but not vice versa), including through lifestyle factors.",
https://doi.org/10.1093/bioinformatics/btz469,Kamat et al. developed an improved version of phenoscanner which is a publicly available large-scale genetic dataset for evaluation of genetic associations.,
https://doi.org/10.1136/bmj.l6055,Kaura et al. used a large database of about a quarter of a million patients who had toponin measurements and concluded that there was an association between positive troponin results and mortality regardless of age ,
https://doi.org/10.1016/j.jaci.2019.09.015,This population-wide study used datalinkage methods to create a matched cohort study between 1998-2016. The study estimated hazard ratios and compared the risk of major fractures and any fracture in people with and without atopic eczema. Findings suggest that people with atopic eczema have an increased fracture risk.,
https://doi.org/10.1038/s41467-019-12515-9,"This study aimed to identify parts of the genome that cause a rare inflammatory disease called EGPA, which usually starts with non-specific and common (asthma, raised levels of white blood cells) symptoms, followed by more distinctive patterns of symptoms as the disease progresses. The authors used two different statistical methods to compare the genomes of 534 people with EGPA and 6688 people without EGPA. They identified 8 parts of the genome that are likely to contribute to EGPA, but do not fully explain the disease. The study suggests that there are two types of EGPA that have different symptoms (with/without autoimmune vasculitis) and genetic causes. Four of the parts of the genome identified by the study are the target for drugs that are currently underdevelopment.",
https://doi.org/10.1161/JAHA.119.012551,"This article aimed to determine whether ultraviolet A (UVA) is associated with the seasonal patterning of myocardial infarction (MI). Routine hospitalisation data were used in conjunction with data on ambient temperature from the Metereological Office and UVA/UVB irrandiance data from NASA satellites. Autoregressive distributed lag models revealed that the monthly incidence of MI displayed winter peaks and summer troughs, with UVA exposure being inversely associated with MI independent of ambient temperature.",
https://doi.org/10.1186/s12916-019-1438-y,A phenotyping algorithm is presented to monitor bleeding in primary and hospital care. Model is well presented in the document and has potential to be scalable and applied to other conditions.,
https://doi.org/10.1186/s12911-019-0953-2,"Rees et al used a Welsh database to examine inpatient episode/transfer coding coding for psychiatric patients. They identified deficiencies in the existing coding system for psychitatrics transfers and unexplained coding mistakes/problems, then they presesnt several different methods for constructing the inpatient spell to improve coding and avoid misclassification.",
https://doi.org/10.1038/s41598-019-55098-7,This study investigated the association between proteins responsible for DNA replication the susceptibility to cancer using GWAS. ,
https://doi.org/10.1186/s13326-019-0214-4, NLP methods were used to analyse free text from hospital records for people with MI. They analysed text recorded within 90 days bfore or 90 days after the MI and found that free text in hospital records contains unformation useful for diagnoses,
https://doi.org/10.1002/sim.8443,The objective of this paper was to construct individualised dynamic predictive probabilities to monitor rapid Cystic Fibrosis (CF) disease progression. The results demonstrated how individualised rate of change estimates can be coupled with probabilitic predictive inference and implementation for a useful medical-monitoring approach.,
https://doi.org/10.1038/s41398-019-0635-y,This study assessed for genetic correlation between anhedonia and neuropsychiatric conditions. A polygenic risk score approach was applied to test for association between anhedonia and brain structure and brain function. Findings confirm that using anhedonia as a marker of vulnerability to mental illness. Findings also suggest that genetic risk for state anhedonia influences brain structure,
https://doi.org/10.1186/s12889-019-7919-2,This study aimed to calculate the proportion of deaths that could be prevented over a 14 year period through making long-term changes in lifestyle (diet and physical activity). Over 22K people were included in the study and filled out questionnaires about their lifestyle at three different time points. The authors used statistical methods that take into account how lifestyle measurements change over time and estimated the relative impact that different lifestyle factors have on death. The study suggests that being more physically active in middle age is more likely to reduce mortality than maintaining a Mediterranean-style diet.,